idf1,idp,idr,recall,precision,num_unique_objects,mostly_tracked,partially_tracked,mostly_lost,num_false_positives,num_misses,num_switches,num_fragmentations,mota,motp
0.5658536585365853,0.7063111111111111,0.471992871992872,0.5922482922482922,0.8862666666666666,5,0,5,0,2559,13729,9,36,0.5159786159786159,159.59624838895704
