,xy MAE,angle MAE
0,2.8528197898175787,5.56911649349989
