idf1,idp,idr,recall,precision,num_unique_objects,mostly_tracked,partially_tracked,mostly_lost,num_false_positives,num_misses,num_switches,num_fragmentations,mota,motp
0.8816348301496816,0.8817230112689205,0.8815466666666667,0.8822533333333333,0.8824298192971928,5,5,0,0,8816,8831,29,987,0.76432,181.96408128476313
