idf1,idp,idr,recall,precision,num_unique_objects,mostly_tracked,partially_tracked,mostly_lost,num_false_positives,num_misses,num_switches,num_fragmentations,mota,motp
0.9304576819227307,0.9304886992466165,0.9304266666666666,0.9475333333333333,0.9475965064337623,5,5,0,0,3930,3935,132,234,0.8933733333333334,264.2809998227462
