idf1,idp,idr,recall,precision,num_unique_objects,mostly_tracked,partially_tracked,mostly_lost,num_false_positives,num_misses,num_switches,num_fragmentations,mota,motp
0.45286666666666664,0.45286666666666664,0.45286666666666664,0.9326666666666666,0.9326666666666666,5,5,0,0,5050,5050,243,708,0.8620933333333334,125.08558391425372
